<?xml version="1.0" encoding="UTF-8"?>
<project-private xmlns="http://www.netbeans.org/ns/project-private/1">
    <editor-bookmarks xmlns="http://www.netbeans.org/ns/editor-bookmarks/2" lastBookmarkId="0"/>
    <open-files xmlns="http://www.netbeans.org/ns/projectui-open-files/2">
        <group>
            <file>file:/D:/AlumnoDG/Documents/Empresariales%20II%20S12%208junio/Demo3Spring/web/WEB-INF/dispatcher-servlet.xml</file>
            <file>file:/D:/AlumnoDG/Documents/Empresariales%20II%20S12%208junio/Demo3Spring/src/java/controller/Index.java</file>
            <file>file:/D:/AlumnoDG/Documents/Empresariales%20II%20S12%208junio/Demo3Spring/web/index.jsp</file>
            <file>file:/D:/AlumnoDG/Documents/Empresariales%20II%20S12%208junio/Demo3Spring/web/WEB-INF/applicationContext.xml</file>
            <file>file:/D:/AlumnoDG/Documents/Empresariales%20II%20S12%208junio/Demo3Spring/web/WEB-INF/web.xml</file>
            <file>file:/D:/AlumnoDG/Documents/Empresariales%20II%20S12%208junio/Demo3Spring/src/java/controller/ClienteController.java</file>
            <file>file:/D:/AlumnoDG/Documents/Empresariales%20II%20S12%208junio/Demo3Spring/web/cliente-nuevo.jsp</file>
        </group>
    </open-files>
</project-private>
